objective,acquisition,num_initial_points,num_steps,seed,true_min,found_minimum,runtime,num_hidden_layers,units,rate,num_passes,lr
michal2,ei,1,20,0,-1.8013034,-0.999879959114572,41.77,2,25,0.1,100,0.001
michal2,ei,1,20,1,-1.8013034,-0.9998462574096247,30.99,2,25,0.1,100,0.001
michal2,ei,1,20,2,-1.8013034,-0.9958997201558204,29.55,2,25,0.1,100,0.001
michal2,ei,1,20,3,-1.8013034,-0.989027997741167,27.3,2,25,0.1,100,0.001
michal2,ei,1,20,4,-1.8013034,-0.997672104168778,29.52,2,25,0.1,100,0.001
