{"michal2": 1.801303345635689, "scaled_branin": 5.918577123175378, "hartmann6": 3.303679123380341, "noisy_hartmann6": 3.303679123380341, "goldstein2": 5.246159889348281, "hartmann3": 3.862716226272016, "shekel4": 9.727798821861356, "noisy_shekel4": 9.727798821861356, "rosenbrock4": 0.17934849140777742, "ackley5": 19.161816848081262, "dropw2": 0.9999982299815201, "eggho2": 2008.6400742211358}